communityCount,modularity,modularities
9584,-0.7416418444636061,"[-0.8308136678237918,-0.81672893660718,-0.803662982711737,-0.7906515660714073,-0.7814508881588806,-0.7722569840922083,-0.7637819777320194,-0.7559849368309998,-0.7486042340804655,-0.7416418444636061]"